,ts_code,trade_date,open,high,low,close,pre_close,change,pct_chg,vol,amount
0,601398.SH,20240308,5.37,5.4,5.34,5.39,5.38,0.009999999999999787,0.1859,2472003.99,1328152.98
1,601398.SH,20240307,5.35,5.4,5.34,5.38,5.35,0.03000000000000025,0.5607,3074594.09,1650760.69
2,601398.SH,20240306,5.45,5.49,5.35,5.35,5.46,-0.11000000000000032,-2.0147,3527871.55,1910626.811
3,601398.SH,20240305,5.32,5.48,5.3,5.46,5.32,0.13999999999999968,2.6316,4298467.12,2323265.996
4,601398.SH,20240304,5.32,5.34,5.28,5.32,5.34,-0.019999999999999574,-0.3745,2557572.75,1359409.11
5,601398.SH,20240301,5.32,5.35,5.29,5.34,5.33,0.009999999999999787,0.1876,2477511.46,1317310.136
6,601398.SH,20240229,5.31,5.36,5.3,5.33,5.33,0.0,0.0,2520777.65,1342717.318
7,601398.SH,20240228,5.3,5.37,5.23,5.33,5.3,0.03000000000000025,0.566,3806093.95,2021720.033
8,601398.SH,20240227,5.3,5.36,5.25,5.3,5.32,-0.020000000000000462,-0.3759,2940999.47,1560959.829
9,601398.SH,20240226,5.48,5.48,5.3,5.32,5.48,-0.16000000000000014,-2.9197,3677178.6,1977747.711
10,601398.SH,20240223,5.41,5.52,5.41,5.48,5.42,0.0600000000000005,1.107,3583185.46,1967299.036
11,601398.SH,20240222,5.4,5.43,5.36,5.42,5.41,0.009999999999999787,0.1848,2231278.68,1204599.969
12,601398.SH,20240221,5.34,5.47,5.33,5.41,5.35,0.0600000000000005,1.1215,3467348.93,1875270.275
13,601398.SH,20240220,5.27,5.36,5.23,5.35,5.27,0.08000000000000007,1.518,3059780.96,1626681.256
14,601398.SH,20240219,5.16,5.28,5.1,5.27,5.16,0.10999999999999943,2.1318,4797143.86,2503180.356
15,601398.SH,20240208,5.16,5.17,5.09,5.16,5.23,-0.07000000000000028,-1.3384,4653693.43,2383629.316
16,601398.SH,20240207,5.31,5.31,5.08,5.23,5.32,-0.08999999999999986,-1.6917,7753354.96,4010563.947
17,601398.SH,20240206,5.29,5.38,5.27,5.32,5.29,0.03000000000000025,0.5671,5649136.91,3006603.608
18,601398.SH,20240205,5.17,5.3,5.16,5.29,5.17,0.1200000000000001,2.3211,6159388.32,3242203.982
19,601398.SH,20240202,5.14,5.2,5.09,5.17,5.14,0.03000000000000025,0.5837,4075978.19,2103998.356
20,601398.SH,20240201,5.15,5.2,5.13,5.14,5.17,-0.03000000000000025,-0.5803,2993715.09,1544401.622
21,601398.SH,20240131,5.12,5.19,5.1,5.17,5.13,0.040000000000000036,0.7797,2963858.63,1525456.799
22,601398.SH,20240130,5.14,5.18,5.09,5.13,5.16,-0.03000000000000025,-0.5814,2914816.62,1498554.326
23,601398.SH,20240129,5.08,5.2,5.08,5.16,5.09,0.07000000000000028,1.3752,3844041.39,1981081.369
24,601398.SH,20240126,5.01,5.11,4.99,5.09,5.01,0.08000000000000007,1.5968,3899367.54,1970826.387
25,601398.SH,20240125,4.98,5.05,4.97,5.01,4.97,0.040000000000000036,0.8048,3437583.76,1721285.077
26,601398.SH,20240124,4.9,4.98,4.88,4.97,4.89,0.08000000000000007,1.636,3348474.64,1650534.905
27,601398.SH,20240123,4.89,4.92,4.84,4.89,4.89,0.0,0.0,3107488.1,1515560.674
28,601398.SH,20240122,4.87,4.94,4.86,4.89,4.89,0.0,0.0,4420635.13,2173336.066
29,601398.SH,20240119,4.83,4.89,4.79,4.89,4.85,0.040000000000000036,0.8247,3867215.35,1875529.373
30,601398.SH,20240118,4.83,4.88,4.72,4.85,4.84,0.009999999999999787,0.2066,5232772.95,2503424.284
31,601398.SH,20240117,4.88,4.9,4.84,4.84,4.89,-0.04999999999999982,-1.0225,2766317.05,1349034.066
32,601398.SH,20240116,4.84,4.9,4.84,4.89,4.86,0.02999999999999936,0.6173,2480399.13,1207827.031
33,601398.SH,20240115,4.8,4.86,4.79,4.86,4.81,0.05000000000000071,1.0395,1810482.9,874409.887
34,601398.SH,20240112,4.77,4.83,4.76,4.81,4.78,0.02999999999999936,0.6276,2300664.93,1105695.049
35,601398.SH,20240111,4.84,4.85,4.77,4.78,4.85,-0.0699999999999994,-1.4433,3306668.51,1587950.047
36,601398.SH,20240110,4.87,4.91,4.83,4.85,4.88,-0.03000000000000025,-0.6148,2342434.92,1138531.555
37,601398.SH,20240109,4.88,4.89,4.83,4.88,4.88,0.0,0.0,2257344.56,1097994.737
38,601398.SH,20240108,4.87,4.91,4.85,4.88,4.87,0.009999999999999787,0.2053,3252257.28,1588242.673
39,601398.SH,20240105,4.89,4.94,4.86,4.87,4.89,-0.019999999999999574,-0.409,2860747.2,1403610.998
40,601398.SH,20240104,4.84,4.9,4.83,4.89,4.84,0.04999999999999982,1.0331,2865675.59,1396443.521
41,601398.SH,20240103,4.79,4.85,4.78,4.84,4.79,0.04999999999999982,1.0438,2488954.27,1201719.346
42,601398.SH,20240102,4.78,4.83,4.77,4.79,4.78,0.009999999999999787,0.2092,2071811.11,995101.442
43,601398.SH,20231229,4.78,4.8,4.77,4.78,4.77,0.010000000000000675,0.2096,1800477.63,861564.197
44,601398.SH,20231228,4.83,4.85,4.77,4.77,4.83,-0.0600000000000005,-1.2422,3465162.02,1664753.044
45,601398.SH,20231227,4.82,4.84,4.78,4.83,4.82,0.009999999999999787,0.2075,1843188.2,886215.652
46,601398.SH,20231226,4.8,4.82,4.79,4.82,4.8,0.020000000000000462,0.4167,1487371.76,715555.035
47,601398.SH,20231225,4.77,4.81,4.77,4.8,4.78,0.019999999999999574,0.4184,1094809.35,524989.286
48,601398.SH,20231222,4.79,4.8,4.76,4.78,4.79,-0.009999999999999787,-0.2088,2218555.54,1060976.699
49,601398.SH,20231221,4.78,4.8,4.73,4.79,4.79,0.0,0.0,2465344.66,1174701.829
50,601398.SH,20231220,4.8,4.83,4.77,4.79,4.79,0.0,0.0,2219819.82,1066878.03
51,601398.SH,20231219,4.77,4.8,4.76,4.79,4.77,0.020000000000000462,0.4193,1753940.13,840048.362
52,601398.SH,20231218,4.73,4.8,4.71,4.77,4.73,0.03999999999999915,0.8457,2380762.15,1134338.057
53,601398.SH,20231215,4.77,4.79,4.73,4.73,4.77,-0.03999999999999915,-0.8386,1953904.87,929151.542
54,601398.SH,20231214,4.79,4.81,4.76,4.77,4.79,-0.020000000000000462,-0.4175,1521738.1,727096.831
55,601398.SH,20231213,4.79,4.81,4.77,4.79,4.79,0.0,0.0,2490304.27,1194973.334
56,601398.SH,20231212,4.72,4.8,4.7,4.79,4.73,0.05999999999999961,1.2685,2769037.14,1320664.344
57,601398.SH,20231211,4.72,4.75,4.65,4.73,4.73,0.0,0.0,2796161.94,1313136.708
58,601398.SH,20231208,4.74,4.77,4.72,4.73,4.73,0.0,0.0,1983784.01,940179.674
59,601398.SH,20231207,4.7,4.75,4.68,4.73,4.7,0.03000000000000025,0.6383,2347758.11,1108498.604
60,601398.SH,20231206,4.76,4.76,4.7,4.7,4.76,-0.05999999999999961,-1.2605,2952964.99,1394679.54
61,601398.SH,20231205,4.8,4.81,4.76,4.76,4.8,-0.040000000000000036,-0.8333,1981988.79,948472.231
62,601398.SH,20231204,4.81,4.83,4.8,4.8,4.81,-0.009999999999999787,-0.2079,1531861.34,736651.082
63,601398.SH,20231201,4.8,4.83,4.79,4.81,4.81,0.0,0.0,2500466.51,1202312.573
64,601398.SH,20231130,4.77,4.81,4.76,4.81,4.77,0.040000000000000036,0.8386,2146402.58,1027384.355
65,601398.SH,20231129,4.78,4.79,4.76,4.77,4.79,-0.020000000000000462,-0.4175,1608007.36,767506.443
66,601398.SH,20231128,4.78,4.8,4.77,4.79,4.78,0.009999999999999787,0.2092,1333511.04,638025.597
67,601398.SH,20231127,4.79,4.8,4.75,4.78,4.8,-0.019999999999999574,-0.4167,2183710.03,1041992.127
68,601398.SH,20231124,4.8,4.82,4.79,4.8,4.8,0.0,0.0,1862324.46,895099.924
69,601398.SH,20231123,4.81,4.81,4.77,4.8,4.8,0.0,0.0,1713015.15,820169.689
70,601398.SH,20231122,4.8,4.83,4.79,4.8,4.81,-0.009999999999999787,-0.2079,1426232.61,685928.359
71,601398.SH,20231121,4.81,4.84,4.8,4.81,4.81,0.0,0.0,1855786.21,893722.004
72,601398.SH,20231120,4.78,4.82,4.77,4.81,4.78,0.02999999999999936,0.6276,1737244.26,833340.524
73,601398.SH,20231117,4.8,4.81,4.76,4.78,4.8,-0.019999999999999574,-0.4167,1733745.18,828856.95
74,601398.SH,20231116,4.78,4.82,4.77,4.8,4.79,0.009999999999999787,0.2088,1783049.21,856430.948
75,601398.SH,20231115,4.78,4.8,4.77,4.79,4.79,0.0,0.0,1510144.82,722371.077
76,601398.SH,20231114,4.75,4.79,4.73,4.79,4.76,0.03000000000000025,0.6303,2065392.73,983406.086
77,601398.SH,20231113,4.78,4.78,4.72,4.76,4.78,-0.020000000000000462,-0.4184,1784472.23,845699.968
78,601398.SH,20231110,4.77,4.82,4.74,4.78,4.78,0.0,0.0,2157019.07,1030812.616
79,601398.SH,20231109,4.7,4.79,4.7,4.78,4.71,0.07000000000000028,1.4862,2774644.05,1319361.414
80,601398.SH,20231108,4.71,4.74,4.69,4.71,4.72,-0.009999999999999787,-0.2119,2307978.03,1088088.168
81,601398.SH,20231107,4.71,4.75,4.69,4.72,4.71,0.009999999999999787,0.2123,1762681.14,831535.432
82,601398.SH,20231106,4.74,4.76,4.7,4.71,4.74,-0.03000000000000025,-0.6329,3155535.62,1487054.517
83,601398.SH,20231103,4.78,4.79,4.73,4.74,4.78,-0.040000000000000036,-0.8368,1995544.43,948809.75
84,601398.SH,20231102,4.78,4.82,4.77,4.78,4.77,0.010000000000000675,0.2096,2132217.16,1023208.913
85,601398.SH,20231101,4.74,4.78,4.7,4.77,4.73,0.03999999999999915,0.8457,2166782.45,1029343.589
86,601398.SH,20231031,4.69,4.74,4.67,4.73,4.69,0.040000000000000036,0.8529,2411116.06,1136787.73
87,601398.SH,20231030,4.75,4.76,4.66,4.69,4.77,-0.07999999999999918,-1.6771,4686115.43,2199149.845
88,601398.SH,20231027,4.8,4.83,4.75,4.77,4.79,-0.020000000000000462,-0.4175,2929633.33,1401153.452
89,601398.SH,20231026,4.71,4.8,4.71,4.79,4.71,0.08000000000000007,1.6985,3065313.2,1460187.893
90,601398.SH,20231025,4.77,4.79,4.71,4.71,4.76,-0.04999999999999982,-1.0504,3489260.2,1648499.684
91,601398.SH,20231024,4.82,4.83,4.73,4.76,4.82,-0.0600000000000005,-1.2448,3355482.67,1596617.824
92,601398.SH,20231023,4.78,4.85,4.77,4.82,4.79,0.03000000000000025,0.6263,2687135.43,1295265.514
93,601398.SH,20231020,4.8,4.84,4.76,4.79,4.83,-0.040000000000000036,-0.8282,2747824.94,1317398.881
94,601398.SH,20231019,4.91,4.92,4.81,4.83,4.93,-0.09999999999999964,-2.0284,3631633.94,1759426.129
95,601398.SH,20231018,4.91,4.98,4.9,4.93,4.92,0.009999999999999787,0.2033,2757790.4,1360530.618
96,601398.SH,20231017,4.91,4.93,4.89,4.92,4.92,0.0,0.0,1900438.65,932409.041
97,601398.SH,20231016,4.88,4.94,4.85,4.92,4.89,0.03000000000000025,0.6135,2823494.73,1381506.632
98,601398.SH,20231013,4.81,4.94,4.8,4.89,4.84,0.04999999999999982,1.0331,4282273.31,2094706.164
99,601398.SH,20231012,4.8,4.85,4.78,4.84,4.72,0.1200000000000001,2.5424,5677657.57,2734640.605
100,601398.SH,20231011,4.69,4.73,4.69,4.72,4.68,0.040000000000000036,0.8547,2692050.11,1269006.831
101,601398.SH,20231010,4.69,4.72,4.67,4.68,4.67,0.009999999999999787,0.2141,1860356.24,873180.32
102,601398.SH,20231009,4.65,4.7,4.63,4.67,4.68,-0.009999999999999787,-0.2137,2148065.59,1002756.576
103,601398.SH,20230928,4.67,4.7,4.66,4.68,4.65,0.02999999999999936,0.6452,1569716.96,734762.892
104,601398.SH,20230927,4.7,4.71,4.65,4.65,4.7,-0.04999999999999982,-1.0638,2258028.62,1054101.377
105,601398.SH,20230926,4.74,4.75,4.68,4.7,4.73,-0.03000000000000025,-0.6342,2148475.45,1011746.717
106,601398.SH,20230925,4.74,4.76,4.72,4.73,4.74,-0.009999999999999787,-0.211,2372227.11,1124713.307
107,601398.SH,20230922,4.69,4.74,4.67,4.74,4.69,0.04999999999999982,1.0661,3099886.4,1460209.787
108,601398.SH,20230921,4.69,4.74,4.68,4.69,4.69,0.0,0.0,2981619.43,1401644.984
109,601398.SH,20230920,4.67,4.71,4.66,4.69,4.68,0.010000000000000675,0.2137,2844159.41,1334624.084
110,601398.SH,20230919,4.64,4.68,4.63,4.68,4.64,0.040000000000000036,0.8621,2066133.2,963619.723
111,601398.SH,20230918,4.64,4.65,4.61,4.64,4.63,0.009999999999999787,0.216,1661257.86,768769.281
112,601398.SH,20230915,4.68,4.7,4.63,4.63,4.68,-0.04999999999999982,-1.0684,2397323.57,1116627.267
113,601398.SH,20230914,4.63,4.68,4.62,4.68,4.62,0.05999999999999961,1.2987,3511706.7,1638629.281
114,601398.SH,20230913,4.6,4.63,4.59,4.62,4.6,0.020000000000000462,0.4348,2062878.57,951230.236
115,601398.SH,20230912,4.59,4.6,4.58,4.6,4.59,0.009999999999999787,0.2179,1260714.89,578873.994
116,601398.SH,20230911,4.59,4.61,4.58,4.59,4.59,0.0,0.0,1734103.68,796563.541
117,601398.SH,20230908,4.62,4.62,4.58,4.59,4.62,-0.03000000000000025,-0.6494,1228218.74,563775.965
118,601398.SH,20230907,4.61,4.64,4.6,4.62,4.61,0.009999999999999787,0.2169,2110284.8,975710.53
119,601398.SH,20230906,4.58,4.62,4.58,4.61,4.59,0.020000000000000462,0.4357,1565622.16,721190.246
120,601398.SH,20230905,4.59,4.6,4.58,4.59,4.6,-0.009999999999999787,-0.2174,1665329.13,764627.604
121,601398.SH,20230904,4.58,4.61,4.56,4.6,4.57,0.02999999999999936,0.6565,2511760.29,1153387.625
122,601398.SH,20230901,4.59,4.61,4.55,4.57,4.62,-0.04999999999999982,-1.0823,2968283.99,1357727.426
123,601398.SH,20230831,4.58,4.64,4.56,4.62,4.59,0.03000000000000025,0.6536,2894279.34,1328761.084
124,601398.SH,20230830,4.63,4.63,4.57,4.59,4.63,-0.040000000000000036,-0.8639,3254210.81,1492263.143
125,601398.SH,20230829,4.71,4.72,4.61,4.63,4.73,-0.10000000000000053,-2.1142,3805806.67,1766953.944
126,601398.SH,20230828,4.8,4.8,4.68,4.73,4.66,0.07000000000000028,1.5021,4335473.77,2047848.273
127,601398.SH,20230825,4.58,4.68,4.58,4.66,4.59,0.07000000000000028,1.5251,2670931.85,1238221.615
128,601398.SH,20230824,4.65,4.66,4.59,4.59,4.64,-0.04999999999999982,-1.0776,2117788.09,976867.24
129,601398.SH,20230823,4.61,4.68,4.59,4.64,4.62,0.019999999999999574,0.4329,2519848.55,1170788.998
130,601398.SH,20230822,4.57,4.64,4.55,4.62,4.56,0.0600000000000005,1.3158,2591200.96,1189461.33
131,601398.SH,20230821,4.61,4.63,4.56,4.56,4.61,-0.05000000000000071,-1.0846,2008059.66,919967.016
132,601398.SH,20230818,4.59,4.67,4.58,4.61,4.6,0.010000000000000675,0.2174,2106844.2,975878.347
133,601398.SH,20230817,4.63,4.63,4.57,4.6,4.64,-0.040000000000000036,-0.8621,1777380.13,816332.097
134,601398.SH,20230816,4.62,4.65,4.6,4.64,4.64,0.0,0.0,1319587.2,610777.724
135,601398.SH,20230815,4.57,4.66,4.56,4.64,4.56,0.08000000000000007,1.7544,1901957.41,876696.048
136,601398.SH,20230814,4.59,4.59,4.54,4.56,4.61,-0.05000000000000071,-1.0846,2062904.37,940677.037
137,601398.SH,20230811,4.69,4.69,4.61,4.61,4.69,-0.08000000000000007,-1.7058,2065553.65,958427.435
138,601398.SH,20230810,4.7,4.71,4.67,4.69,4.71,-0.019999999999999574,-0.4246,1251263.26,586262.307
139,601398.SH,20230809,4.67,4.71,4.67,4.71,4.68,0.03000000000000025,0.641,1275891.57,599028.493
140,601398.SH,20230808,4.7,4.71,4.67,4.68,4.71,-0.03000000000000025,-0.6369,1292974.86,605700.032
141,601398.SH,20230807,4.73,4.73,4.67,4.71,4.74,-0.03000000000000025,-0.6329,1899890.34,892038.939
142,601398.SH,20230804,4.74,4.78,4.7,4.74,4.72,0.020000000000000462,0.4237,2359550.82,1118833.388
143,601398.SH,20230803,4.67,4.74,4.64,4.72,4.67,0.04999999999999982,1.0707,2110533.35,991496.643
144,601398.SH,20230802,4.75,4.76,4.65,4.67,4.78,-0.11000000000000032,-2.3013,3016435.61,1414477.098
145,601398.SH,20230801,4.77,4.8,4.75,4.78,4.77,0.010000000000000675,0.2096,1849948.17,883177.021
146,601398.SH,20230731,4.8,4.86,4.74,4.77,4.79,-0.020000000000000462,-0.4175,2822097.05,1351064.41
147,601398.SH,20230728,4.68,4.8,4.67,4.79,4.7,0.08999999999999986,1.9149,2585045.18,1229649.771
148,601398.SH,20230727,4.63,4.75,4.63,4.7,4.63,0.07000000000000028,1.5119,2404240.94,1130511.654
149,601398.SH,20230726,4.62,4.64,4.6,4.63,4.62,0.009999999999999787,0.2165,1154337.68,533491.432
150,601398.SH,20230725,4.59,4.63,4.58,4.62,4.57,0.04999999999999982,1.0941,1924507.6,887398.435
151,601398.SH,20230724,4.57,4.59,4.54,4.57,4.58,-0.009999999999999787,-0.2183,1158905.83,528908.86
152,601398.SH,20230721,4.57,4.59,4.56,4.58,4.58,0.0,0.0,1303226.32,596118.856
153,601398.SH,20230720,4.57,4.6,4.56,4.58,4.56,0.020000000000000462,0.4386,1444105.38,661920.422
154,601398.SH,20230719,4.53,4.57,4.52,4.56,4.54,0.019999999999999574,0.4405,1451546.82,659323.287
155,601398.SH,20230718,4.57,4.58,4.52,4.54,4.57,-0.03000000000000025,-0.6565,2104102.78,955282.786
156,601398.SH,20230717,4.6,4.61,4.55,4.57,4.57,0.0,0.0,2872925.76,1313140.48
157,601398.SH,20230714,4.5788,4.5976,4.5413,4.5694,4.87,-0.3006000000000002,-6.1725,3056799.51,1490328.854
158,601398.SH,20230713,4.5225,4.5882,4.5225,4.5694,4.81,-0.2405999999999997,-5.0021,2581133.39,1252501.956
159,601398.SH,20230712,4.5319,4.5601,4.5038,4.5131,4.83,-0.3169000000000004,-6.5611,1862673.15,899237.41
160,601398.SH,20230711,4.4944,4.5413,4.485,4.5319,4.77,-0.2380999999999993,-4.9916,1810361.38,872812.383
161,601398.SH,20230710,4.4756,4.4944,4.4568,4.4756,4.76,-0.28439999999999976,-5.9748,1259393.4,600869.277
162,601398.SH,20230707,4.4662,4.5131,4.4568,4.4662,4.77,-0.30379999999999985,-6.369,2204643.4,1052383.642
163,601398.SH,20230706,4.5038,4.5319,4.4662,4.4756,4.82,-0.34440000000000026,-7.1452,2402678.18,1150747.048
164,601398.SH,20230705,4.5319,4.5507,4.4944,4.5225,4.83,-0.3075000000000001,-6.3665,1650508.24,795131.316
165,601398.SH,20230704,4.5694,4.5788,4.5225,4.5319,4.88,-0.34809999999999963,-7.1332,2236081.29,1083994.704
166,601398.SH,20230703,4.5413,4.5882,4.5038,4.5788,4.82,-0.24120000000000008,-5.0041,2885172.37,1401397.653
167,601398.SH,20230630,4.4944,4.5413,4.4944,4.5225,4.78,-0.2575000000000003,-5.387,1789393.86,861972.306
168,601398.SH,20230629,4.5131,4.5225,4.485,4.485,4.82,-0.33499999999999996,-6.9502,1768647.0,848123.797
169,601398.SH,20230628,4.5038,4.5413,4.485,4.5225,4.81,-0.28749999999999964,-5.9771,1914026.17,921642.614
170,601398.SH,20230627,4.4756,4.5225,4.4381,4.5131,4.77,-0.2568999999999999,-5.3857,2129214.48,1020036.538
171,601398.SH,20230626,4.5507,4.5601,4.4568,4.4756,4.85,-0.3743999999999996,-7.7196,2989837.96,1430494.631
172,601398.SH,20230621,4.5225,4.6257,4.5131,4.5507,4.83,-0.2793000000000001,-5.7826,2736087.67,1333802.3
173,601398.SH,20230620,4.5319,4.5694,4.5038,4.5319,4.83,-0.2980999999999998,-6.1718,1754802.58,847809.825
174,601398.SH,20230619,4.5788,4.5882,4.5131,4.5319,4.88,-0.34809999999999963,-7.1332,2294115.14,1110369.621
175,601398.SH,20230616,4.607,4.6164,4.5788,4.5788,4.91,-0.33119999999999994,-6.7454,2177238.33,1066214.514
176,601398.SH,20230615,4.5976,4.6539,4.5694,4.607,4.87,-0.2629999999999999,-5.4004,2252519.16,1105624.109
177,601398.SH,20230614,4.682,4.7102,4.5601,4.5694,5.0,-0.4306000000000001,-8.612,3504577.16,1728125.975
178,601398.SH,20230613,4.6539,4.7008,4.6445,4.6914,4.97,-0.27859999999999996,-5.6056,1622393.81,809442.49
179,601398.SH,20230612,4.7665,4.7759,4.6445,4.6633,5.07,-0.4067000000000007,-8.0217,2706656.25,1353794.292
180,601398.SH,20230609,4.7665,4.804,4.7477,4.7571,5.09,-0.33289999999999953,-6.5403,2114255.48,1075351.684
181,601398.SH,20230608,4.7008,4.7852,4.6726,4.7759,5.01,-0.23409999999999975,-4.6727,2413816.83,1219117.768
182,601398.SH,20230607,4.6633,4.7383,4.6633,4.7008,4.96,-0.2591999999999999,-5.2258,2192964.42,1099411.845
183,601398.SH,20230606,4.6539,4.7383,4.6351,4.6539,4.96,-0.3060999999999998,-6.1714,2501764.9,1251780.679
184,601398.SH,20230605,4.5788,4.6726,4.5601,4.6539,4.88,-0.22609999999999975,-4.6332,1961820.25,969318.119
185,601398.SH,20230602,4.5601,4.5976,4.5413,4.5788,4.86,-0.2812000000000001,-5.786,1594868.42,775899.59
186,601398.SH,20230601,4.5225,4.6164,4.5038,4.5601,4.83,-0.2698999999999998,-5.588,2708660.17,1316044.948
187,601398.SH,20230531,4.5131,4.5694,4.485,4.5319,4.82,-0.2881,-5.9772,2513541.53,1215088.902
188,601398.SH,20230530,4.5413,4.5788,4.4944,4.5225,4.85,-0.3274999999999997,-6.7526,2689175.49,1298717.694
189,601398.SH,20230529,4.5131,4.5788,4.5038,4.5507,4.8,-0.24929999999999986,-5.1937,2980559.48,1441539.23
190,601398.SH,20230526,4.4475,4.5413,4.4287,4.5038,4.74,-0.2362000000000002,-4.9831,2346930.92,1123359.457
191,601398.SH,20230525,4.4381,4.4756,4.4099,4.4475,4.76,-0.3125,-6.5651,3461347.35,1637454.759
192,601398.SH,20230524,4.6445,4.6539,4.4568,4.4662,4.93,-0.4638,-9.4077,5227541.45,2512302.395
193,601398.SH,20230523,4.7477,4.7946,4.607,4.6257,5.07,-0.44430000000000014,-8.7633,4411799.99,2195648.031
194,601398.SH,20230522,4.7289,4.8322,4.7102,4.7571,5.04,-0.2828999999999997,-5.6131,2578695.76,1312745.93
195,601398.SH,20230519,4.7946,4.8228,4.7289,4.7289,5.12,-0.3910999999999998,-7.6387,3082250.32,1566953.441
196,601398.SH,20230518,4.6914,4.8603,4.682,4.804,4.99,-0.18599999999999994,-3.7275,4402893.21,2247012.011
197,601398.SH,20230517,4.682,4.7289,4.6257,4.682,5.01,-0.3279999999999994,-6.5469,2615395.51,1303973.179
198,601398.SH,20230516,4.7289,4.8228,4.6726,4.7008,5.04,-0.33919999999999995,-6.7302,3238579.0,1638354.828
199,601398.SH,20230515,4.682,4.7477,4.5507,4.7289,4.98,-0.2511000000000001,-5.0422,5121251.41,2529284.812
200,601398.SH,20230512,4.682,4.7383,4.6445,4.6726,5.0,-0.3273999999999999,-6.548,3651839.27,1822660.939
201,601398.SH,20230511,4.7196,4.7946,4.682,4.6914,5.03,-0.33860000000000046,-6.7316,4037362.61,2028244.04
202,601398.SH,20230510,4.8978,4.9354,4.682,4.7196,5.27,-0.5503999999999998,-10.444,7516354.46,3815734.476
203,601398.SH,20230509,5.0386,5.1324,4.8978,4.9447,5.3,-0.3552999999999997,-6.7038,9334986.15,4986593.624
204,601398.SH,20230508,4.7102,5.0292,4.7008,4.9729,4.99,-0.017100000000000115,-0.3427,10488613.02,5490372.106
205,601398.SH,20230505,4.6351,4.7852,4.6351,4.682,4.95,-0.2679999999999998,-5.4141,6828810.0,3428249.976
206,601398.SH,20230504,4.4099,4.6539,4.3912,4.6445,4.72,-0.0754999999999999,-1.5996,7289708.42,3541568.882
207,601398.SH,20230428,4.4475,4.485,4.4099,4.4287,4.75,-0.3212999999999999,-6.7642,2503244.0,1185262.424
208,601398.SH,20230427,4.4475,4.4568,4.4099,4.4568,4.75,-0.2931999999999997,-6.1726,2657079.62,1256636.714
209,601398.SH,20230426,4.4475,4.485,4.363,4.4568,4.75,-0.2931999999999997,-6.1726,4009611.15,1891851.111
210,601398.SH,20230425,4.4193,4.485,4.4193,4.4568,4.72,-0.26319999999999943,-5.5763,3915674.75,1857660.019
211,601398.SH,20230424,4.4099,4.4568,4.3912,4.4287,4.7,-0.2713000000000001,-5.7723,3062068.1,1443750.723
212,601398.SH,20230421,4.4475,4.4944,4.4005,4.4099,4.74,-0.33009999999999984,-6.9641,3158540.05,1496588.9
213,601398.SH,20230420,4.4662,4.4944,4.3912,4.4475,4.76,-0.3125,-6.5651,3180013.41,1502667.18
214,601398.SH,20230419,4.4756,4.5038,4.4568,4.4662,4.77,-0.30379999999999985,-6.369,2699213.78,1288443.209
215,601398.SH,20230418,4.4381,4.5131,4.4287,4.4756,4.73,-0.2544000000000004,-5.3784,3952574.34,1882106.553
216,601398.SH,20230417,4.3442,4.4475,4.3349,4.4381,4.63,-0.19189999999999952,-4.1447,3556291.81,1666156.219
217,601398.SH,20230414,4.363,4.363,4.3255,4.3442,4.63,-0.28580000000000005,-6.1728,1514960.89,701396.46
218,601398.SH,20230413,4.3161,4.363,4.2973,4.3442,4.61,-0.2658000000000005,-5.7657,2187342.68,1012149.962
219,601398.SH,20230412,4.2786,4.3536,4.2692,4.3255,4.55,-0.22449999999999992,-4.9341,3198518.03,1472027.339
220,601398.SH,20230411,4.2692,4.288,4.2504,4.2692,4.55,-0.28080000000000016,-6.1714,1852176.53,843163.088
221,601398.SH,20230410,4.2504,4.2786,4.2223,4.2692,4.53,-0.2608000000000006,-5.7572,2403449.17,1090106.743
222,601398.SH,20230407,4.241,4.2598,4.2317,4.2504,4.53,-0.2796000000000003,-6.1722,1247347.68,564750.744
223,601398.SH,20230406,4.2317,4.2598,4.2129,4.2504,4.52,-0.2695999999999996,-5.9646,1958216.08,884878.223
224,601398.SH,20230404,4.1754,4.241,4.166,4.241,4.45,-0.20900000000000052,-4.6966,3061591.33,1376907.554
225,601398.SH,20230403,4.1847,4.1941,4.166,4.1754,4.46,-0.2846000000000002,-6.3812,2005186.09,892555.875
226,601398.SH,20230331,4.241,4.241,4.1754,4.1847,4.52,-0.33529999999999927,-7.4181,2345624.82,1050304.784
227,601398.SH,20230330,4.2317,4.2692,4.2035,4.241,4.51,-0.26900000000000013,-5.9645,1810266.32,816555.471
228,601398.SH,20230329,4.2223,4.2504,4.1847,4.2317,4.49,-0.2583000000000002,-5.7528,2153324.56,969916.345
229,601398.SH,20230328,4.1941,4.2223,4.166,4.2129,4.46,-0.24709999999999965,-5.5404,1718590.69,768256.378
230,601398.SH,20230327,4.1941,4.2035,4.1378,4.1847,4.48,-0.2953000000000001,-6.5915,2126959.3,944911.324
231,601398.SH,20230324,4.2317,4.2317,4.1941,4.2035,4.52,-0.31649999999999956,-7.0022,1619528.87,726293.38
232,601398.SH,20230323,4.2317,4.2504,4.2035,4.241,4.52,-0.2789999999999999,-6.1726,1898473.48,855390.079
233,601398.SH,20230322,4.1847,4.241,4.1754,4.241,4.45,-0.20900000000000052,-4.6966,2218087.82,998009.99
234,601398.SH,20230321,4.241,4.2692,4.166,4.1754,4.51,-0.3346,-7.4191,2735102.46,1222842.097
235,601398.SH,20230320,4.241,4.3161,4.2223,4.2317,4.52,-0.28829999999999956,-6.3783,3386446.15,1541399.77
236,601398.SH,20230317,4.2504,4.2973,4.2129,4.241,4.52,-0.2789999999999999,-6.1726,3428580.62,1553254.966
237,601398.SH,20230316,4.1754,4.288,4.166,4.241,4.46,-0.2190000000000003,-4.9103,5873947.44,2655044.111
238,601398.SH,20230315,4.1566,4.1941,4.1378,4.1847,4.41,-0.22529999999999983,-5.1088,2896830.79,1288387.303
239,601398.SH,20230314,4.1191,4.166,4.1097,4.1378,4.4,-0.2622,-5.9591,2542644.76,1122413.927
240,601398.SH,20230313,4.0721,4.1378,4.0628,4.1284,4.34,-0.2115999999999998,-4.8756,2491912.4,1092169.163
241,601398.SH,20230310,4.0909,4.1097,4.0721,4.0721,4.38,-0.30790000000000006,-7.0297,2221254.32,968749.011
242,601398.SH,20230309,4.1284,4.166,4.1097,4.1097,4.4,-0.2903000000000002,-6.5977,2410878.53,1062348.001
243,601398.SH,20230308,4.1003,4.1378,4.0815,4.1284,4.39,-0.2615999999999996,-5.959,2513977.16,1098665.504
244,601398.SH,20230307,4.0815,4.2035,4.0721,4.1191,4.35,-0.23089999999999922,-5.308,6770934.04,2992988.03
245,601398.SH,20230306,4.1003,4.1097,4.0721,4.0815,4.36,-0.2785000000000002,-6.3876,3218611.78,1401037.315
246,601398.SH,20230303,4.0534,4.1003,4.0534,4.0909,4.32,-0.22909999999999986,-5.3032,3222511.25,1399659.368
247,601398.SH,20230302,4.0346,4.0534,4.0252,4.0534,4.3,-0.24659999999999993,-5.7349,2209294.25,952727.208
248,601398.SH,20230301,4.0346,4.044,4.0252,4.0346,4.3,-0.26539999999999964,-6.1721,2575566.7,1107847.947
249,601398.SH,20230228,4.0252,4.0346,4.0158,4.0346,4.29,-0.25539999999999985,-5.9534,1580501.25,677615.166
250,601398.SH,20230227,4.0252,4.0346,4.0158,4.0252,4.29,-0.26480000000000015,-6.1725,1201801.77,515168.67
251,601398.SH,20230224,4.044,4.044,4.0252,4.0252,4.3,-0.27479999999999993,-6.3907,1391182.56,597341.18
252,601398.SH,20230223,4.044,4.0534,4.0346,4.0346,4.3,-0.26539999999999964,-6.1721,1215628.07,523722.564
253,601398.SH,20230222,4.0534,4.0534,4.0346,4.0346,4.32,-0.2854000000000001,-6.6065,937519.93,404187.271
254,601398.SH,20230221,4.0346,4.0534,4.0346,4.0534,4.31,-0.2565999999999997,-5.9536,1678930.37,724398.198
255,601398.SH,20230220,4.0252,4.044,4.0158,4.044,4.28,-0.23600000000000065,-5.514,2339844.07,1004838.515
256,601398.SH,20230217,4.0158,4.0346,4.0158,4.0158,4.28,-0.26420000000000066,-6.1729,1786395.16,766064.99
257,601398.SH,20230216,4.0252,4.0346,4.0158,4.0158,4.29,-0.27420000000000044,-6.3916,1894246.99,812550.64
258,601398.SH,20230215,4.0346,4.044,4.0158,4.0252,4.3,-0.27479999999999993,-6.3907,2040446.17,875087.611
259,601398.SH,20230214,4.0346,4.044,4.0252,4.0346,4.29,-0.25539999999999985,-5.9534,1064557.57,457865.981
260,601398.SH,20230213,4.0346,4.044,4.0252,4.0252,4.31,-0.2847999999999997,-6.6079,1902540.36,817263.325
261,601398.SH,20230210,4.044,4.044,4.0252,4.044,4.3,-0.2560000000000002,-5.9535,1202376.2,517287.828
262,601398.SH,20230209,4.0252,4.044,4.0252,4.0346,4.3,-0.26539999999999964,-6.1721,1307659.09,562487.646
263,601398.SH,20230208,4.0346,4.044,4.0252,4.0346,4.29,-0.25539999999999985,-5.9534,1294928.29,556550.72
264,601398.SH,20230207,4.0252,4.044,4.0158,4.0252,4.29,-0.26480000000000015,-6.1725,1583521.42,680140.869
265,601398.SH,20230206,4.0346,4.0346,4.0158,4.0252,4.3,-0.27479999999999993,-6.3907,2162137.5,926939.859
266,601398.SH,20230203,4.0346,4.044,4.0252,4.0346,4.3,-0.26539999999999964,-6.1721,1974191.01,848654.204
267,601398.SH,20230202,4.0534,4.0534,4.0346,4.0346,4.31,-0.2753999999999994,-6.3898,2020736.28,870185.102
268,601398.SH,20230201,4.0534,4.0628,4.0346,4.044,4.32,-0.2760000000000007,-6.3889,1729252.59,745664.75
269,601398.SH,20230131,4.0534,4.0628,4.044,4.0534,4.32,-0.2666000000000004,-6.1713,1687635.24,729242.573
270,601398.SH,20230130,4.0721,4.0815,4.044,4.0534,4.33,-0.2766000000000002,-6.388,2451083.79,1060660.579
271,601398.SH,20230120,4.0628,4.0721,4.0534,4.0628,4.33,-0.2671999999999999,-6.1709,1423233.56,615310.375
272,601398.SH,20230119,4.0628,4.0721,4.044,4.0628,4.34,-0.27719999999999967,-6.3871,1311153.98,566876.473
273,601398.SH,20230118,4.0628,4.0815,4.0628,4.0721,4.33,-0.25790000000000024,-5.9561,1290402.2,559746.084
274,601398.SH,20230117,4.0721,4.0815,4.044,4.0628,4.34,-0.27719999999999967,-6.3871,1348396.46,583427.985
275,601398.SH,20230116,4.0721,4.0909,4.0628,4.0721,4.34,-0.2679,-6.1728,2239500.53,972719.257
276,601398.SH,20230113,4.0346,4.0721,4.0346,4.0721,4.3,-0.2279,-5.3,1310556.43,566908.49
277,601398.SH,20230112,4.044,4.0534,4.0252,4.0346,4.31,-0.2753999999999994,-6.3898,1095530.61,471371.597
278,601398.SH,20230111,4.0346,4.0534,4.0252,4.044,4.3,-0.2560000000000002,-5.9535,1349496.38,581583.428
279,601398.SH,20230110,4.0721,4.0721,4.0346,4.0346,4.33,-0.2953999999999999,-6.8222,1751258.73,755033.29
280,601398.SH,20230109,4.0815,4.0909,4.0628,4.0628,4.34,-0.27719999999999967,-6.3871,1666791.6,723302.384
281,601398.SH,20230106,4.0628,4.0815,4.044,4.0721,4.33,-0.25790000000000024,-5.9561,1687138.02,731034.157
282,601398.SH,20230105,4.0909,4.1097,4.0628,4.0628,4.36,-0.29720000000000013,-6.8165,2017797.78,877204.366
283,601398.SH,20230104,4.0534,4.0909,4.044,4.0909,4.31,-0.21909999999999918,-5.0835,2351477.35,1022070.423
284,601398.SH,20230103,4.0721,4.0721,4.0346,4.044,4.34,-0.29600000000000026,-6.8203,2428809.7,1047725.002
285,601398.SH,20221230,4.044,4.0815,4.0346,4.0721,4.3,-0.2279,-5.3,2983386.66,1293431.442
286,601398.SH,20221229,4.044,4.0534,3.9971,4.0346,4.32,-0.2854000000000001,-6.6065,1885665.53,809605.996
287,601398.SH,20221228,4.0346,4.0628,4.0252,4.0534,4.3,-0.24659999999999993,-5.7349,1755915.54,757611.069
288,601398.SH,20221227,4.0065,4.044,3.9971,4.0346,4.26,-0.2253999999999996,-5.2911,1849633.29,793633.877
289,601398.SH,20221226,3.9971,4.0158,3.9783,3.9971,4.25,-0.2528999999999999,-5.9506,1470701.24,626352.011
290,601398.SH,20221223,4.0065,4.0065,3.9877,3.9877,4.27,-0.2822999999999998,-6.6112,904597.86,385322.879
291,601398.SH,20221222,3.9971,4.0158,3.9877,4.0065,4.25,-0.24350000000000005,-5.7294,1296888.69,553757.271
292,601398.SH,20221221,3.9689,3.9971,3.9689,3.9877,4.23,-0.24230000000000063,-5.7281,1188930.37,504895.105
293,601398.SH,20221220,3.9877,4.0065,3.9689,3.9689,4.26,-0.2910999999999997,-6.8333,1769707.42,751668.831
294,601398.SH,20221219,4.0158,4.044,3.9877,3.9971,4.29,-0.29289999999999994,-6.8275,1647837.22,704842.464
295,601398.SH,20221216,3.9971,4.0252,3.9783,4.0252,4.26,-0.2347999999999999,-5.5117,1982171.66,846358.171
296,601398.SH,20221215,4.0158,4.0252,3.9877,3.9971,4.29,-0.29289999999999994,-6.8275,1793039.37,763572.928
297,601398.SH,20221214,4.0346,4.044,4.0065,4.0252,4.3,-0.27479999999999993,-6.3907,1975053.51,845926.525
298,601398.SH,20221213,4.0158,4.044,4.0065,4.0346,4.27,-0.2353999999999994,-5.5129,1640735.77,704235.151
299,601398.SH,20221212,4.0346,4.0346,4.0065,4.0065,4.3,-0.29349999999999987,-6.8256,1967081.31,843407.173
300,601398.SH,20221209,4.0346,4.0534,4.0252,4.0346,4.3,-0.26539999999999964,-6.1721,2564903.65,1103145.219
301,601398.SH,20221208,4.0252,4.044,4.0158,4.0346,4.29,-0.25539999999999985,-5.9534,1966006.46,845283.418
302,601398.SH,20221207,4.044,4.0534,4.0158,4.0252,4.31,-0.2847999999999997,-6.6079,2223357.63,956706.139
303,601398.SH,20221206,4.0346,4.0534,4.0252,4.044,4.3,-0.2560000000000002,-5.9535,2597515.49,1117747.056
304,601398.SH,20221205,3.9971,4.0534,3.9877,4.0346,4.24,-0.20540000000000003,-4.8443,3497316.92,1499555.627
305,601398.SH,20221202,3.9877,3.9971,3.9689,3.9783,4.25,-0.27170000000000005,-6.3929,1998981.23,848573.118
306,601398.SH,20221201,4.0534,4.0628,3.9783,3.9877,4.3,-0.3123,-7.2628,3527083.71,1508271.593
307,601398.SH,20221130,4.0346,4.0628,4.0158,4.0346,4.32,-0.2854000000000001,-6.6065,3121823.07,1342258.893
308,601398.SH,20221129,3.9877,4.0721,3.9783,4.0534,4.24,-0.18660000000000032,-4.4009,4116956.33,1769804.553
309,601398.SH,20221128,4.0252,4.0346,3.9596,3.9783,4.32,-0.34170000000000034,-7.9097,2927271.24,1241390.938
310,601398.SH,20221125,3.9877,4.0628,3.9877,4.0534,4.25,-0.1966000000000001,-4.6259,3698254.16,1591516.138
311,601398.SH,20221124,4.0065,4.0158,3.9783,3.9877,4.26,-0.2723,-6.392,1413653.86,602139.323
312,601398.SH,20221123,3.9689,4.0252,3.9596,3.9971,4.23,-0.23290000000000033,-5.5059,3210906.57,1369621.339
313,601398.SH,20221122,3.922,3.9877,3.9126,3.9689,4.18,-0.21109999999999962,-5.0502,2702553.18,1140835.266
314,601398.SH,20221121,3.9126,3.9314,3.8939,3.922,4.17,-0.24799999999999978,-5.9472,1805231.96,753341.792
315,601398.SH,20221118,3.9126,3.9314,3.9033,3.9126,4.17,-0.2574000000000001,-6.1727,1785481.49,745303.163
316,601398.SH,20221117,3.9033,3.9126,3.8845,3.9126,4.16,-0.2474000000000003,-5.9471,1681716.59,698816.838
317,601398.SH,20221116,3.9126,3.922,3.9033,3.9033,4.17,-0.2666999999999997,-6.3957,1132770.31,472113.067
318,601398.SH,20221115,3.9033,3.922,3.8939,3.9126,4.15,-0.2374000000000005,-5.7205,1564140.1,651544.034
319,601398.SH,20221114,3.9033,3.9314,3.8939,3.8939,4.15,-0.25610000000000044,-6.1711,2708150.58,1129702.478
320,601398.SH,20221111,3.8657,3.9033,3.8563,3.8939,4.11,-0.2161000000000004,-5.2579,2768352.88,1144895.641
321,601398.SH,20221110,3.8376,3.8563,3.8282,3.8563,4.1,-0.24369999999999958,-5.9439,1423974.57,582648.249
322,601398.SH,20221109,3.8376,3.8563,3.8282,3.847,4.09,-0.24299999999999988,-5.9413,1368752.57,560691.18
323,601398.SH,20221108,3.8282,3.8376,3.8188,3.8376,4.08,-0.24239999999999995,-5.9412,1266710.07,517079.54
324,601398.SH,20221107,3.8376,3.8376,3.8094,3.8282,4.09,-0.26180000000000003,-6.401,2420763.34,986337.817
325,601398.SH,20221104,3.8,3.8657,3.8,3.8376,4.06,-0.2223999999999995,-5.4778,3380993.45,1382391.65
326,601398.SH,20221103,3.8,3.8094,3.7907,3.8094,4.07,-0.26060000000000016,-6.4029,1564672.37,634051.041
327,601398.SH,20221102,3.8,3.8188,3.7625,3.8188,4.08,-0.2612000000000001,-6.402,3450626.79,1394694.899
328,601398.SH,20221101,3.8939,3.9033,3.7625,3.8282,4.15,-0.32180000000000053,-7.7542,6428447.8,2617808.617
329,601398.SH,20221031,3.9877,3.9971,3.8845,3.8939,4.25,-0.3561000000000001,-8.3788,3136808.62,1315941.98
330,601398.SH,20221028,3.9971,4.0065,3.9783,3.9877,4.25,-0.2623000000000002,-6.1718,2322386.17,989014.765
331,601398.SH,20221027,4.0158,4.0252,3.9783,3.9877,4.28,-0.29230000000000045,-6.8294,2614569.57,1114168.572
332,601398.SH,20221026,4.0721,4.0815,4.0158,4.0158,4.34,-0.32420000000000027,-7.47,4305151.47,1859606.05
333,601398.SH,20221025,4.0815,4.0909,4.0721,4.0721,4.36,-0.2879000000000005,-6.6032,2059834.43,895581.873
334,601398.SH,20221024,4.0815,4.0909,4.0628,4.0909,4.35,-0.2590999999999992,-5.9563,3982764.2,1731708.676
335,601398.SH,20221021,4.0815,4.0909,4.0721,4.0815,4.35,-0.2684999999999995,-6.1724,1846239.59,802815.21
336,601398.SH,20221020,4.0815,4.0909,4.0721,4.0815,4.34,-0.25849999999999973,-5.9562,1712897.85,745032.525
337,601398.SH,20221019,4.0721,4.0909,4.0721,4.0721,4.35,-0.2778999999999998,-6.3885,1679225.86,730221.419
338,601398.SH,20221018,4.0909,4.0909,4.0721,4.0815,4.35,-0.2684999999999995,-6.1724,1533381.79,666628.309
339,601398.SH,20221017,4.0721,4.1097,4.0628,4.0815,4.34,-0.25849999999999973,-5.9562,2562545.27,1115347.729
340,601398.SH,20221014,4.0815,4.0909,4.0628,4.0721,4.35,-0.2778999999999998,-6.3885,2629692.9,1142713.536
341,601398.SH,20221013,4.1191,4.1191,4.0721,4.0815,4.4,-0.3185000000000002,-7.2386,2700348.47,1174850.511
342,601398.SH,20221012,4.1003,4.1284,4.0909,4.1284,4.37,-0.24160000000000004,-5.5286,2592391.8,1135992.155
343,601398.SH,20221011,4.0909,4.1097,4.0721,4.1003,4.36,-0.2597000000000005,-5.9564,2071206.32,903371.612
344,601398.SH,20221010,4.0815,4.1097,4.0628,4.0909,4.35,-0.2590999999999992,-5.9563,3177781.53,1385758.856
345,601398.SH,20220930,4.0721,4.0909,4.0628,4.0815,4.33,-0.24849999999999994,-5.739,1578628.46,686074.089
346,601398.SH,20220929,4.0909,4.0909,4.0628,4.0628,4.35,-0.28719999999999946,-6.6023,1758825.32,763036.787
347,601398.SH,20220928,4.0721,4.0909,4.0628,4.0815,4.34,-0.25849999999999973,-5.9562,1805772.77,784503.628
348,601398.SH,20220927,4.0815,4.0909,4.0628,4.0721,4.35,-0.2778999999999998,-6.3885,1900358.23,825325.572
349,601398.SH,20220926,4.1191,4.1284,4.0815,4.0815,4.4,-0.3185000000000002,-7.2386,2626983.03,1147676.709
350,601398.SH,20220923,4.1097,4.1378,4.1003,4.1284,4.39,-0.2615999999999996,-5.959,2812241.6,1237026.682
351,601398.SH,20220922,4.0909,4.1284,4.0815,4.1191,4.37,-0.2508999999999997,-5.7414,2857305.08,1248539.894
352,601398.SH,20220921,4.1003,4.1191,4.0815,4.1003,4.37,-0.2697000000000003,-6.1716,1578483.49,689565.518
353,601398.SH,20220920,4.1191,4.1191,4.0909,4.1003,4.38,-0.27970000000000006,-6.3858,1485249.42,650364.279
354,601398.SH,20220919,4.1003,4.1191,4.0909,4.1097,4.36,-0.2503000000000002,-5.7408,2167207.03,948114.394
355,601398.SH,20220916,4.1191,4.1284,4.0909,4.0909,4.39,-0.29909999999999926,-6.8132,2427171.38,1062487.993
356,601398.SH,20220915,4.1003,4.1284,4.0909,4.1191,4.36,-0.2408999999999999,-5.5252,2994070.17,1312876.135
357,601398.SH,20220914,4.0909,4.1097,4.0909,4.0909,4.38,-0.28909999999999947,-6.6005,1195215.47,521881.472
358,601398.SH,20220913,4.1003,4.1191,4.0909,4.1097,4.36,-0.2503000000000002,-5.7408,2076228.55,908320.747
359,601398.SH,20220909,4.0909,4.1097,4.0815,4.0909,4.35,-0.2590999999999992,-5.9563,1627950.22,710715.972
360,601398.SH,20220908,4.0909,4.0909,4.0721,4.0815,4.35,-0.2684999999999995,-6.1724,1086742.4,472815.83
361,601398.SH,20220907,4.0909,4.0909,4.0721,4.0815,4.36,-0.2785000000000002,-6.3876,1189129.21,517187.728
362,601398.SH,20220906,4.0909,4.1097,4.0721,4.0909,4.36,-0.2690999999999999,-6.172,1845802.31,805772.141
363,601398.SH,20220905,4.0815,4.0909,4.0628,4.0909,4.35,-0.2590999999999992,-5.9563,1259091.16,547119.545
364,601398.SH,20220902,4.0815,4.1003,4.0721,4.0815,4.36,-0.2785000000000002,-6.3876,1297846.55,565116.18
365,601398.SH,20220901,4.0909,4.1003,4.0815,4.0909,4.38,-0.28909999999999947,-6.6005,1056918.15,460792.946
366,601398.SH,20220831,4.0815,4.1097,4.0721,4.1097,4.36,-0.2503000000000002,-5.7408,2592392.09,1132180.169
367,601398.SH,20220830,4.0721,4.0909,4.0628,4.0909,4.33,-0.23909999999999965,-5.5219,1340225.25,582803.339
368,601398.SH,20220829,4.0721,4.0815,4.0534,4.0628,4.35,-0.28719999999999946,-6.6023,1029063.53,445969.001
369,601398.SH,20220826,4.0721,4.0815,4.0628,4.0815,4.34,-0.25849999999999973,-5.9562,981045.72,426084.963
370,601398.SH,20220825,4.0628,4.0721,4.0534,4.0721,4.32,-0.24790000000000045,-5.7384,1164669.1,504127.533
371,601398.SH,20220824,4.0628,4.0721,4.0534,4.0534,4.32,-0.2666000000000004,-6.1713,1102185.03,476974.353
372,601398.SH,20220823,4.0628,4.0721,4.0534,4.0534,4.33,-0.2766000000000002,-6.388,1062128.2,459477.326
373,601398.SH,20220822,4.0628,4.0815,4.0534,4.0628,4.33,-0.2671999999999999,-6.1709,1022983.46,443494.667
374,601398.SH,20220819,4.0628,4.0815,4.0534,4.0628,4.32,-0.2572000000000001,-5.9537,1065557.2,462040.416
375,601398.SH,20220818,4.0721,4.0721,4.0534,4.0534,4.34,-0.28659999999999997,-6.6037,1079770.56,467337.83
376,601398.SH,20220817,4.0721,4.0815,4.0534,4.0721,4.33,-0.25790000000000024,-5.9561,1737077.62,752698.402
377,601398.SH,20220816,4.0721,4.0815,4.0628,4.0628,4.34,-0.27719999999999967,-6.3871,1292595.34,561093.999
378,601398.SH,20220815,4.0815,4.0909,4.0628,4.0721,4.36,-0.2879000000000005,-6.6032,1193889.44,518417.996
379,601398.SH,20220812,4.0909,4.1003,4.0721,4.0909,4.36,-0.2690999999999999,-6.172,1126271.34,490393.04
380,601398.SH,20220811,4.0721,4.1003,4.0628,4.0909,4.33,-0.23909999999999965,-5.5219,1526533.08,664667.705
381,601398.SH,20220810,4.0721,4.0815,4.0534,4.0628,4.34,-0.27719999999999967,-6.3871,907585.27,393451.05
382,601398.SH,20220809,4.0815,4.1003,4.0721,4.0721,4.35,-0.2778999999999998,-6.3885,820212.25,356859.073
383,601398.SH,20220808,4.1191,4.1191,4.0721,4.0815,4.39,-0.30849999999999955,-7.0273,1294709.48,564029.561
384,601398.SH,20220805,4.1097,4.1284,4.0909,4.1191,4.37,-0.2508999999999997,-5.7414,1226915.18,537331.729
385,601398.SH,20220804,4.0721,4.1097,4.0534,4.1003,4.32,-0.21970000000000045,-5.0856,1858632.44,809091.671
386,601398.SH,20220803,4.0721,4.0909,4.0534,4.0534,4.35,-0.29659999999999975,-6.8184,1415814.5,614187.517
387,601398.SH,20220802,4.0909,4.1003,4.0628,4.0815,4.37,-0.2885,-6.6018,1803066.67,782945.384
388,601398.SH,20220801,4.1003,4.1284,4.0909,4.1003,4.38,-0.27970000000000006,-6.3858,1336474.35,585326.909
389,601398.SH,20220729,4.1284,4.1472,4.1003,4.1097,4.39,-0.28029999999999955,-6.385,1433017.79,629578.816
390,601398.SH,20220728,4.1191,4.1472,4.1191,4.1191,4.39,-0.27089999999999925,-6.1708,1198583.7,527011.553
391,601398.SH,20220727,4.1472,4.1566,4.1191,4.1191,4.42,-0.3008999999999995,-6.8077,1259740.61,553990.999
392,601398.SH,20220726,4.166,4.1754,4.1472,4.1472,4.44,-0.2928000000000006,-6.5946,1382246.01,612318.085
393,601398.SH,20220725,4.1378,4.166,4.1284,4.166,4.41,-0.24399999999999977,-5.5329,1315203.7,582040.207
394,601398.SH,20220722,4.1191,4.1566,4.1191,4.1378,4.39,-0.2521999999999993,-5.7449,1438737.36,634607.518
395,601398.SH,20220721,4.1754,4.1754,4.1191,4.1191,4.44,-0.32089999999999996,-7.2275,1486550.38,655999.435
396,601398.SH,20220720,4.1284,4.1754,4.1191,4.166,4.39,-0.2239999999999993,-5.1025,1629580.37,721830.507
397,601398.SH,20220719,4.0909,4.1378,4.0815,4.1191,4.37,-0.2508999999999997,-5.7414,1747358.65,766493.792
398,601398.SH,20220718,4.0721,4.1003,4.0721,4.1003,4.33,-0.22970000000000024,-5.3048,1770539.74,771591.237
399,601398.SH,20220715,4.0909,4.1097,4.0628,4.0628,4.37,-0.3071999999999999,-7.0297,2188862.6,953165.921
400,601398.SH,20220714,4.1472,4.1472,4.0534,4.1003,4.42,-0.3197000000000001,-7.233,3430233.31,1493674.363
401,601398.SH,20220713,4.2317,4.2317,4.1378,4.1472,4.51,-0.3628,-8.0443,3393612.24,1509312.922
402,601398.SH,20220712,4.241,4.2504,4.2223,4.2317,4.5,-0.2683,-5.9622,3134478.42,1415371.773
403,601398.SH,20220711,4.2047,4.2311,4.1871,4.2223,4.77,-0.5476999999999999,-11.4822,3319089.02,1588548.779
404,601398.SH,20220708,4.2047,4.2135,4.1782,4.2047,4.76,-0.5552999999999999,-11.666,1620288.79,771025.598
405,601398.SH,20220707,4.2135,4.2223,4.1959,4.1959,4.78,-0.5841000000000003,-12.2197,1616038.98,771362.416
406,601398.SH,20220706,4.2311,4.2399,4.1959,4.2135,4.8,-0.5865,-12.2188,1768551.07,844420.041
407,601398.SH,20220705,4.2135,4.2399,4.2047,4.2311,4.77,-0.5388999999999999,-11.2977,2036720.06,975769.265
408,601398.SH,20220704,4.2047,4.2223,4.1871,4.2047,4.77,-0.5652999999999997,-11.8512,1306120.61,622821.601
409,601398.SH,20220701,4.2047,4.2135,4.1782,4.2047,4.77,-0.5652999999999997,-11.8512,1349358.17,642345.557
410,601398.SH,20220630,4.1959,4.2135,4.1782,4.2047,4.77,-0.5652999999999997,-11.8512,1783255.35,849607.081
411,601398.SH,20220629,4.1694,4.2047,4.1606,4.2047,4.73,-0.5253000000000005,-11.1057,2155490.58,1023870.244
412,601398.SH,20220628,4.1518,4.1782,4.1342,4.1694,4.71,-0.5405999999999995,-11.4777,1707371.01,805395.28
413,601398.SH,20220627,4.1782,4.1871,4.143,4.1518,4.74,-0.5882000000000005,-12.4093,2315190.67,1092328.379
414,601398.SH,20220624,4.1959,4.2135,4.1606,4.1782,4.77,-0.5917999999999992,-12.4067,1838538.97,872916.586
415,601398.SH,20220623,4.1959,4.2135,4.1871,4.2047,4.75,-0.5453000000000001,-11.48,1754362.11,836115.739
416,601398.SH,20220622,4.1871,4.2223,4.1782,4.1871,4.76,-0.5728999999999997,-12.0357,1567201.49,746302.086
417,601398.SH,20220621,4.1518,4.2047,4.143,4.1959,4.7,-0.5041000000000002,-10.7255,2094053.97,992313.781
418,601398.SH,20220620,4.1871,4.1871,4.143,4.143,4.75,-0.6070000000000002,-12.7789,1864115.17,879332.783
419,601398.SH,20220617,4.143,4.1871,4.1342,4.1871,4.7,-0.5129000000000001,-10.9128,1810638.22,857162.918
420,601398.SH,20220616,4.1694,4.1782,4.1342,4.143,4.73,-0.5870000000000006,-12.4101,2101488.4,989353.107
421,601398.SH,20220615,4.1606,4.2047,4.143,4.1694,4.72,-0.5505999999999993,-11.6653,2981358.89,1413770.158
422,601398.SH,20220614,4.1077,4.1694,4.0989,4.1606,4.67,-0.5094000000000003,-10.9079,2271488.53,1065769.46
423,601398.SH,20220613,4.1253,4.1342,4.0813,4.1165,4.69,-0.5735000000000001,-12.2281,2282411.27,1062970.281
424,601398.SH,20220610,4.1077,4.1342,4.0989,4.1342,4.66,-0.5258000000000003,-11.2833,2647090.44,1236607.464
425,601398.SH,20220609,4.0813,4.1165,4.0725,4.1077,4.64,-0.5322999999999993,-11.472,2193619.73,1020144.722
426,601398.SH,20220608,4.0725,4.0901,4.0636,4.0901,4.61,-0.5199000000000007,-11.2777,1736302.19,803663.719
427,601398.SH,20220607,4.0548,4.0813,4.046,4.0636,4.6,-0.5363999999999995,-11.6609,1873120.09,863790.898
428,601398.SH,20220606,4.0813,4.0901,4.0372,4.0548,4.63,-0.5751999999999997,-12.4233,2954334.37,1359071.286
429,601398.SH,20220602,4.0901,4.0989,4.0725,4.0813,4.65,-0.5687000000000006,-12.2301,1521638.07,704972.367
430,601398.SH,20220601,4.0989,4.1165,4.0813,4.0989,4.66,-0.5610999999999997,-12.0408,1400676.61,651076.588
431,601398.SH,20220531,4.0901,4.1253,4.0813,4.1077,4.65,-0.5423,-11.6624,2513657.47,1171009.193
432,601398.SH,20220530,4.1165,4.1342,4.0901,4.0989,4.67,-0.5710999999999995,-12.2291,1588274.31,740859.756
433,601398.SH,20220527,4.1077,4.1165,4.0901,4.1165,4.65,-0.5335000000000001,-11.4731,1249997.58,582773.258
434,601398.SH,20220526,4.1077,4.1165,4.0813,4.0989,4.66,-0.5610999999999997,-12.0408,1917670.89,892015.484
435,601398.SH,20220525,4.1165,4.1253,4.0989,4.1077,4.67,-0.5622999999999996,-12.0407,1523156.56,710288.253
436,601398.SH,20220524,4.0813,4.1253,4.0725,4.1165,4.62,-0.5034999999999998,-10.8983,2437748.64,1133742.35
437,601398.SH,20220523,4.0725,4.0901,4.0725,4.0725,4.63,-0.5575000000000001,-12.041,1732243.51,801421.866
438,601398.SH,20220520,4.0725,4.0813,4.046,4.0813,4.61,-0.5287000000000006,-11.4685,2406916.32,1111835.552
439,601398.SH,20220519,4.0636,4.0725,4.046,4.0636,4.62,-0.5564,-12.0433,1691556.29,778801.637
440,601398.SH,20220518,4.1077,4.1165,4.0636,4.0725,4.66,-0.5875000000000004,-12.6073,2260084.27,1045435.059
441,601398.SH,20220517,4.1342,4.1342,4.0989,4.1077,4.68,-0.5722999999999994,-12.2286,2168890.33,1012483.465
442,601398.SH,20220516,4.143,4.143,4.0989,4.1253,4.7,-0.5747,-12.2277,1668263.15,779376.703
443,601398.SH,20220513,4.1077,4.143,4.0989,4.143,4.65,-0.5070000000000006,-10.9032,1754111.95,822079.154
444,601398.SH,20220512,4.1077,4.1165,4.0901,4.0989,4.66,-0.5610999999999997,-12.0408,1446944.24,673675.865
445,601398.SH,20220511,4.1694,4.1782,4.1077,4.1077,4.73,-0.6223000000000001,-13.1564,3534060.95,1656391.757
446,601398.SH,20220510,4.1871,4.2047,4.1606,4.1694,4.76,-0.5905999999999993,-12.4076,1942057.06,919233.037
447,601398.SH,20220509,4.1694,4.2047,4.1518,4.1959,4.74,-0.5441000000000003,-11.4789,1613516.38,766272.587
448,601398.SH,20220506,4.1782,4.2047,4.1518,4.1782,4.75,-0.5717999999999996,-12.0379,1690447.34,800177.342
449,601398.SH,20220505,4.2135,4.2311,4.1606,4.1871,4.78,-0.5929000000000002,-12.4038,2402048.34,1143770.289
450,601398.SH,20220429,4.1959,4.2311,4.1606,4.2135,4.77,-0.5564999999999998,-11.6667,2639416.6,1258379.971
451,601398.SH,20220428,4.1518,4.2047,4.143,4.2047,4.71,-0.5053000000000001,-10.7282,2959970.69,1401689.37
452,601398.SH,20220427,4.2311,4.2576,4.1253,4.1518,4.81,-0.6581999999999999,-13.684,3835451.63,1821850.807
453,601398.SH,20220426,4.1871,4.2576,4.1694,4.2399,4.75,-0.5101000000000004,-10.7389,3636708.92,1741895.884
454,601398.SH,20220425,4.2488,4.284,4.1871,4.1871,4.84,-0.6528999999999998,-13.4897,4717826.13,2276075.261
455,601398.SH,20220422,4.1959,4.2752,4.1959,4.2664,4.78,-0.5136000000000003,-10.7448,3904377.87,1885993.944
456,601398.SH,20220421,4.1782,4.2399,4.1694,4.2135,4.74,-0.5265000000000004,-11.1076,3297911.38,1578338.095
457,601398.SH,20220420,4.1606,4.1959,4.1518,4.1782,4.73,-0.5518000000000001,-11.666,1453319.08,688799.566
458,601398.SH,20220419,4.1606,4.1782,4.1342,4.1694,4.72,-0.5505999999999993,-11.6653,1582093.54,745770.596
459,601398.SH,20220418,4.1871,4.2135,4.1518,4.1606,4.76,-0.5994000000000002,-12.5924,1829658.37,866264.047
460,601398.SH,20220415,4.1959,4.2311,4.1959,4.1959,4.77,-0.5740999999999996,-12.0356,1934877.75,924020.571
461,601398.SH,20220414,4.2311,4.2399,4.1959,4.2047,4.79,-0.5853000000000002,-12.2192,1484144.96,708983.833
462,601398.SH,20220413,4.2135,4.2488,4.2047,4.2223,4.78,-0.5577000000000005,-11.6674,1971223.6,946500.715
463,601398.SH,20220412,4.2135,4.2399,4.1694,4.2135,4.78,-0.5665000000000004,-11.8515,2761167.79,1319247.558
464,601398.SH,20220411,4.2311,4.2488,4.1959,4.2135,4.81,-0.5964999999999998,-12.4012,2726414.54,1304536.36
465,601398.SH,20220408,4.2488,4.2576,4.2047,4.2399,4.82,-0.5801000000000007,-12.0353,2501732.55,1201783.976
466,601398.SH,20220407,4.2488,4.2752,4.2135,4.2488,4.83,-0.5811999999999999,-12.0331,3045433.31,1467777.843
467,601398.SH,20220406,4.2135,4.2752,4.2047,4.2576,4.79,-0.5324,-11.1148,3493007.01,1680190.64
468,601398.SH,20220401,4.1871,4.2399,4.1782,4.2223,4.77,-0.5476999999999999,-11.4822,2648250.48,1264764.211
469,601398.SH,20220331,4.143,4.2135,4.1253,4.2047,4.71,-0.5053000000000001,-10.7282,2876908.88,1367102.536
470,601398.SH,20220330,4.1606,4.1694,4.1077,4.1518,4.72,-0.5682,-12.0381,2330530.21,1093920.777
471,601398.SH,20220329,4.1342,4.1694,4.1165,4.1606,4.69,-0.5294000000000008,-11.2878,1939580.79,912905.215
472,601398.SH,20220328,4.0725,4.143,4.0548,4.1342,4.62,-0.48580000000000023,-10.5152,2870476.05,1338663.837
473,601398.SH,20220325,4.0372,4.0901,4.0372,4.0725,4.58,-0.5075000000000003,-11.0808,2277815.41,1051862.686
474,601398.SH,20220324,4.0108,4.0548,4.0019,4.0372,4.57,-0.5327999999999999,-11.6586,1505590.56,689799.168
475,601398.SH,20220323,4.0372,4.046,4.0108,4.0284,4.59,-0.5615999999999994,-12.2353,2068590.15,945355.931
476,601398.SH,20220322,4.0019,4.0548,3.9931,4.046,4.54,-0.4939999999999998,-10.8811,2193054.6,1003988.139
477,601398.SH,20220321,4.0196,4.0284,3.9931,4.0019,4.55,-0.5480999999999998,-12.0462,2069417.62,940187.354
478,601398.SH,20220318,3.9843,4.0548,3.9755,4.0108,4.52,-0.5091999999999999,-11.2655,3627797.32,1650775.565
479,601398.SH,20220317,4.0284,4.0284,3.9755,3.9843,4.55,-0.5656999999999996,-12.433,3098209.72,1403531.229
480,601398.SH,20220316,4.0019,4.0284,3.9402,4.0108,4.54,-0.5292000000000003,-11.6564,4212432.43,1904496.884
481,601398.SH,20220315,4.0284,4.0548,3.9755,4.0019,4.59,-0.5880999999999998,-12.8126,5130132.85,2327503.095
482,601398.SH,20220314,4.0372,4.0901,4.0196,4.046,4.61,-0.5640000000000001,-12.2343,2290872.59,1053445.742
483,601398.SH,20220311,4.0108,4.0636,3.9843,4.0636,4.56,-0.4963999999999995,-10.886,2707875.31,1233914.619
484,601398.SH,20220310,4.046,4.0636,4.0108,4.0196,4.56,-0.5404,-11.8509,2306743.82,1055255.232
485,601398.SH,20220309,4.0636,4.0901,3.9667,4.0196,4.62,-0.6004000000000005,-12.9957,4620584.76,2116239.86
486,601398.SH,20220308,4.0989,4.1077,4.0548,4.0725,4.65,-0.5775000000000006,-12.4194,2811335.58,1302919.792
487,601398.SH,20220307,4.143,4.1694,4.0813,4.0989,4.72,-0.6210999999999993,-13.1589,3529409.72,1647036.756
488,601398.SH,20220304,4.1694,4.1694,4.1165,4.1606,4.74,-0.5794000000000006,-12.2236,1624987.74,764539.209
489,601398.SH,20220303,4.1342,4.1959,4.1342,4.1782,4.7,-0.5217999999999998,-11.1021,2273311.98,1075452.463
490,601398.SH,20220302,4.1165,4.1518,4.1077,4.143,4.68,-0.5369999999999999,-11.4744,1520514.4,712736.651
491,601398.SH,20220301,4.1165,4.143,4.0989,4.1253,4.66,-0.5347,-11.4742,1942545.62,906672.524
492,601398.SH,20220228,4.1165,4.1253,4.0901,4.1077,4.67,-0.5622999999999996,-12.0407,1949269.63,908084.763
493,601398.SH,20220225,4.143,4.1606,4.1077,4.1165,4.7,-0.5834999999999999,-12.4149,2506018.2,1174239.875
494,601398.SH,20220224,4.1871,4.2047,4.1342,4.143,4.77,-0.6269999999999998,-13.1447,2566266.28,1211414.666
495,601398.SH,20220223,4.2135,4.2135,4.1782,4.2047,4.78,-0.5753000000000004,-12.0356,2358015.79,1121673.859
496,601398.SH,20220222,4.2311,4.2399,4.1959,4.2135,4.82,-0.6065000000000005,-12.583,1708437.55,816340.653
497,601398.SH,20220221,4.2311,4.2488,4.2047,4.2488,4.81,-0.5611999999999995,-11.6674,1594033.65,764397.601
498,601398.SH,20220218,4.2047,4.2488,4.1959,4.2399,4.78,-0.5401000000000007,-11.2992,1598895.48,766743.186
499,601398.SH,20220217,4.2135,4.2399,4.2047,4.2135,4.78,-0.5665000000000004,-11.8515,1275750.79,610866.291
500,601398.SH,20220216,4.2047,4.2399,4.1871,4.2135,4.76,-0.5465,-11.4811,1554567.01,743663.746
501,601398.SH,20220215,4.2223,4.2488,4.1871,4.1959,4.8,-0.6040999999999999,-12.5854,1957490.99,935314.542
502,601398.SH,20220214,4.2752,4.284,4.2047,4.2311,4.87,-0.6389000000000005,-13.1191,2639674.46,1267336.371
503,601398.SH,20220211,4.2664,4.3105,4.2576,4.2928,4.86,-0.5672000000000006,-11.6708,2168130.19,1055659.518
504,601398.SH,20220210,4.2752,4.2928,4.2311,4.284,4.84,-0.556,-11.4876,2527509.88,1222399.402
505,601398.SH,20220209,4.2752,4.3193,4.2399,4.2664,4.85,-0.5835999999999997,-12.033,3522095.36,1710473.977
506,601398.SH,20220208,4.1782,4.2928,4.1694,4.2752,4.74,-0.4648000000000003,-9.8059,4919720.42,2367215.816
507,601398.SH,20220207,4.1342,4.1871,4.1165,4.1782,4.66,-0.4817999999999998,-10.3391,2575288.6,1216216.07
508,601398.SH,20220128,4.1253,4.1694,4.1077,4.1077,4.68,-0.5722999999999994,-12.2286,2210438.8,1037472.492
509,601398.SH,20220127,4.1253,4.1518,4.1077,4.1253,4.69,-0.5647000000000002,-12.0405,1436955.02,672949.233
510,601398.SH,20220126,4.1077,4.143,4.1077,4.1342,4.67,-0.5358,-11.4732,1189948.14,557705.783
511,601398.SH,20220125,4.1342,4.143,4.1165,4.1165,4.7,-0.5834999999999999,-12.4149,1703836.68,798145.267
512,601398.SH,20220124,4.143,4.1606,4.1253,4.143,4.7,-0.5570000000000004,-11.8511,1418871.3,665972.927
513,601398.SH,20220121,4.1694,4.1782,4.1342,4.143,4.75,-0.6070000000000002,-12.7789,1735280.7,816856.403
514,601398.SH,20220120,4.143,4.1959,4.1342,4.1871,4.7,-0.5129000000000001,-10.9128,3131274.49,1482850.094
515,601398.SH,20220119,4.1165,4.1518,4.1077,4.143,4.69,-0.5470000000000006,-11.6631,1729131.75,810536.135
516,601398.SH,20220118,4.0989,4.143,4.0813,4.1342,4.65,-0.5158000000000005,-11.0925,2169500.22,1011704.453
517,601398.SH,20220117,4.1165,4.143,4.0901,4.0989,4.68,-0.5810999999999993,-12.4167,1787226.62,832701.574
518,601398.SH,20220114,4.1782,4.1782,4.1165,4.1253,4.73,-0.6047000000000002,-12.7844,2251970.35,1057017.144
519,601398.SH,20220113,4.1518,4.2135,4.1518,4.1694,4.72,-0.5505999999999993,-11.6653,1793135.0,851827.613
520,601398.SH,20220112,4.1871,4.1871,4.143,4.1606,4.75,-0.5894000000000004,-12.4084,1857315.19,876687.477
521,601398.SH,20220111,4.1694,4.2047,4.1694,4.1871,4.75,-0.5629,-11.8505,1670262.97,794398.037
522,601398.SH,20220110,4.1782,4.1959,4.1606,4.1871,4.74,-0.5529000000000002,-11.6646,1583293.03,750737.778
523,601398.SH,20220107,4.1342,4.1871,4.1253,4.1782,4.7,-0.5217999999999998,-11.1021,1939649.55,916673.916
524,601398.SH,20220106,4.143,4.1694,4.1253,4.143,4.71,-0.5670000000000002,-12.0382,1903143.59,894943.768
525,601398.SH,20220105,4.1077,4.1606,4.0989,4.1518,4.67,-0.5182000000000002,-11.0964,2839546.21,1332859.587
526,601398.SH,20220104,4.0901,4.1165,4.0813,4.1165,4.63,-0.5134999999999996,-11.0907,1688756.35,785143.329
